No,Nama,Cluster,Blok,Nomor,Kartu Akses,Penambahan Kartu Akses Rp 25.000,Nomor Kartu 1,Nomor Kartu 2,Expired Kartu,Notes,KAS,,,,,,,,,,,,,,,,,,,,,,,,,,,
,,,,,,,,,,,2026,,,,2027,,,,,,,,,,,,2028,,,,,,,,,,,
,,,,,,,,,,, September, Oktober, November , Desember, Januari, Februari, Maret, April, Mei, Juni , July, Agustus, September, Oktober, November , Desember, Januari, Februari, Maret, April, Mei, Juni , July, Agustus, September, Oktober, November ,Desember
1,Pak Chrisyan Manalu  ,Akasha,O53,01,TRUE,FALSE,218,,,,"Rp15,000","Rp15,000","Rp15,000","Rp15,000",,,,,,,,,,,,,,,,,,,,,,,,
2,Pak Cosmos & Bu Marini  ,Amartha,O10,27,TRUE,TRUE,86,87,12/31/2026,,"Rp15,000","Rp15,000","Rp15,000","Rp15,000",,,,,,,,,,,,,,,,,,,,,,,,
3,Pak Billy  ,Akasha,O56,12,TRUE,TRUE,309,310,,,"Rp15,000",,,,,,,,,,,,,,,,,,,,,,,,,,,
4,Pak Marvin  ,Akasha,O30,11,TRUE,TRUE,3,4,,,"Rp15,000","Rp15,000","Rp15,000","Rp15,000",,,,,,,,,,,,,,,,,,,,,,,,
5,Pak Rikky  ,Ayodya,O18,50,FALSE,FALSE,,,,,"Rp15,000","Rp15,000","Rp15,000","Rp15,000",,,,,,,,,,,,,,,,,,,,,,,,
6,Bu Ewin  ,Akasha,O62,07,TRUE,FALSE,169,,,,"Rp15,000","Rp15,000","Rp15,000","Rp15,000",,,,,,,,,,,,,,,,,,,,,,,,
7,Pak Andreas Harsono  ,Akasha,O35,15,FALSE,TRUE,,,,refund kelebihan nambah kartu 25rb. kalau lebih mau 3 kartu. ,"Rp15,000","Rp15,000","Rp15,000","Rp15,000","Rp15,000","Rp15,000","Rp15,000","Rp15,000","Rp15,000","Rp15,000","Rp15,000","Rp15,000",,,,,,,,,,,,,,,,
8,Pak Efendi,Akasha,O30,17,FALSE,FALSE,,,,,"Rp15,000","Rp15,000",,,,,,,,,,,,,,,,,,,,,,,,,,
9,Bu Milly & Pak Naufal  ,Ayodya,O17,29,FALSE,FALSE,,,,,,,,,,,,,,,,,,,,,,,,,,,,,,,,
10,Bu Eva  ,Ayodya,O17,60,FALSE,FALSE,,,,,,,,,,,,,,,,,,,,,,,,,,,,,,,,
11,Pak Alan  ,Amartha,O03,56,TRUE,FALSE,162,,,,"Rp15,000",,,,,,,,,,,,,,,,,,,,,,,,,,,
12,Pak Bambang Suryono  ,Akasha,O35,12,FALSE,FALSE,,,,,,,,,,,,,,,,,,,,,,,,,,,,,,,,
13,Pak Ahmad Fauzi  ,Amartha,O09,18,TRUE,TRUE,53,54,,,"Rp15,000","Rp15,000","Rp15,000","Rp15,000",,,,,,,,,,,,,,,,,,,,,,,,
14,Pak Rahmat R  ,Akasha,O58,66,TRUE,TRUE,254,255,,,"Rp15,000",,,,,,,,,,,,,,,,,,,,,,,,,,,
15,Pak Muhammad Hanif  ,Amartha,O07,10,FALSE,FALSE,,,,,,,,,,,,,,,,,,,,,,,,,,,,,,,,
16,Pak Andri Kumala  ,Akasha,O32,09,TRUE,FALSE,41,,,,"Rp15,000",,,,,,,,,,,,,,,,,,,,,,,,,,,
17,Pak Feli Cendra  ,Amartha,O11,07,FALSE,FALSE,,,,,"Rp15,000",,,,,,,,,,,,,,,,,,,,,,,,,,,
18,Pak Tangguh Kariz  ,Ayodya,O17,33,TRUE,TRUE,131,132,,,"Rp15,000",,,,,,,,,,,,,,,,,,,,,,,,,,,
19,Pak Ahmad Najib  ,Akasha,O30,26,TRUE,TRUE,182,328,,,"Rp15,000",,,,,,,,,,,,,,,,,,,,,,,,,,,
20,Pak Anthony P S  ,Akasha,O33,09,FALSE,FALSE,,,,,"Rp15,000","Rp15,000","Rp15,000","Rp15,000",,,,,,,,,,,,,,,,,,,,,,,,
21,Bu Friska  ,Akasha,O51,27,TRUE,FALSE,38,,,,"Rp15,000","Rp15,000","Rp15,000","Rp15,000",,,,,,,,,,,,,,,,,,,,,,,,
22,Pak Faisal  ,Amartha,O08,06,TRUE,TRUE,211,212,,Perlu dicek apakah ini warga yang refund atau bukan,"Rp15,000","Rp15,000",,,,,,,,,,,,,,,,,,,,,,,,,,
23,Pak Faisal  ,Amartha,O03,18,TRUE,TRUE,139,140,,,"Rp15,000",,,,,,,,,,,,,,,,,,,,,,,,,,,
24,Bu Windy  ,Akasha,O51,18,TRUE,TRUE,5,6,,Nama di penggalangan dengan nama surat pernyataan berbeda,"Rp15,000","Rp15,000",,,,,,,,,,,,,,,,,,,,,,,,,,
25,Pak Bayu  ,Akasha,O62,10,TRUE,TRUE,180,181,,Nama di penggalangan dengan nama surat pernyataan berbeda,"Rp15,000",,,,,,,,,,,,,,,,,,,,,,,,,,,
26,Bu Icha  ,Akasha,O55,51,TRUE,TRUE,209,210,,,"Rp15,000",,,,,,,,,,,,,,,,,,,,,,,,,,,
27,Bu Vera Yanti  ,Amartha,O11,16,FALSE,FALSE,,,,,,,,,,,,,,,,,,,,,,,,,,,,,,,,
28,Pak Dede / Bu Ajeng  ,Akasha,O51,29,TRUE,TRUE,35,36,,sudah ambil kartu 1 lg karena no 36 hilang,"Rp15,000","Rp15,000","Rp15,000","Rp15,000",,,,,,,,,,,,,,,,,,,,,,,,
29,Pak Sadam ,Amartha,O12,23,TRUE,TRUE,301,302,,,"Rp15,000","Rp15,000","Rp15,000","Rp15,000","Rp15,000","Rp15,000","Rp15,000","Rp15,000","Rp15,000","Rp15,000","Rp15,000","Rp15,000",,,,,,,,,,,,,,,,
30,Oma Tung-Tung  ,Amartha,O11,20,TRUE,FALSE,320,,,,"Rp15,000","Rp15,000",,,,,,,,,,,,,,,,,,,,,,,,,,
31,Pak Janto  ,Amartha,O09,23,TRUE,TRUE,127,128,,Nama di penggalangan dengan nama surat pernyataan berbeda,"Rp15,000",,,,,,,,,,,,,,,,,,,,,,,,,,,
32,Bu Intan  ,Akasha,O38,32,FALSE,FALSE,,,,,,,,,,,,,,,,,,,,,,,,,,,,,,,,
33,Pak Jeri Rahmadani  ,Akasha,O57,11,FALSE,FALSE,,,,,,,,,,,,,,,,,,,,,,,,,,,,,,,,
34,Pak Galing & Bu Ayi  ,Akasha,O33,28,TRUE,TRUE,15,16,,,"Rp15,000",,,,,,,,,,,,,,,,,,,,,,,,,,,
35,Bu Vitryani  ,Amartha,O12,07,TRUE,TRUE,193,194,,,"Rp15,000","Rp15,000","Rp15,000","Rp15,000",,,,,,,,,,,,,,,,,,,,,,,,
36,Bu Friska  ,Ayodya,O26,18,TRUE,TRUE,165,166,,,"Rp15,000","Rp15,000",,,,,,,,,,,,,,,,,,,,,,,,,,
37,Bu Devita Permatasari  ,Ayodya,O20,36,TRUE,TRUE,64,65,,,"Rp15,000","Rp15,000","Rp15,000","Rp15,000",,,,,,,,,,,,,,,,,,,,,,,,
38,Bu Ester  ,Akasha,O55,55,TRUE,FALSE,116,,,,"Rp15,000","Rp15,000","Rp15,000","Rp15,000",,,,,,,,,,,,,,,,,,,,,,,,
39,Pak Budi DF  ,Amartha,O11,06,TRUE,TRUE,233,234,,,"Rp15,000",,,,,,,,,,,,,,,,,,,,,,,,,,,
40,Bu Yoan  ,Ayodya,O21,26,TRUE,TRUE,167,168,,,"Rp15,000","Rp15,000","Rp15,000",,,,,,,,,,,,,,,,,,,,,,,,,
41,Pak Ketut Setiawan  ,Akasha,O51,58,TRUE,TRUE,220,221,,Perlu dikonfirmasi antara nomor penggalangan dana dengan surat pernyataan berbeda,"Rp15,000",,,,,,,,,,,,,,,,,,,,,,,,,,,
42,Pak Marcus Wibowo  ,Amartha,O03,28,TRUE,TRUE,75,76,,,"Rp15,000","Rp15,000","Rp15,000","Rp15,000",,,,,,,,,,,,,,,,,,,,,,,,
43,Pak Iwan Sanjaya  ,Akasha,O38,20,FALSE,FALSE,,,,Sudah bayar 85rb tapi belum ambil kartu ? ,,,,,,,,,,,,,,,,,,,,,,,,,,,,
44,Bu Lina,Akasha,O35,32,TRUE,FALSE,120,,,,"Rp15,000","Rp15,000","Rp15,000","Rp15,000",,,,,,,,,,,,,,,,,,,,,,,,
45,Pak Abdul Sukur  ,Akasha,O62,15,FALSE,FALSE,,,,,,,,,,,,,,,,,,,,,,,,,,,,,,,,
46,Pak Konradus  ,Ayodya,O26,09,FALSE,FALSE,,,,,,,,,,,,,,,,,,,,,,,,,,,,,,,,
47,Bu Elsa  ,Amartha,O06,06,FALSE,FALSE,,,,,,,,,,,,,,,,,,,,,,,,,,,,,,,,
48,Pak Haris  ,Akasha,O37,09,TRUE,TRUE,264,265,,,"Rp15,000","Rp15,000","Rp15,000","Rp15,000",,,,,,,,,,,,,,,,,,,,,,,,
49,Pak Edi  ,Amartha,O08,28,FALSE,FALSE,,,,,,,,,,,,,,,,,,,,,,,,,,,,,,,,
50,Bu Diana  ,Akasha,O51,28,FALSE,FALSE,,,,,,,,,,,,,,,,,,,,,,,,,,,,,,,,
51,Bu Debora  ,Akasha,O35,28,TRUE,FALSE,119,,,,"Rp15,000","Rp15,000","Rp15,000","Rp15,000","Rp15,000","Rp15,000","Rp15,000","Rp15,000","Rp15,000","Rp15,000",,,,,,,,,,,,,,,,,,
52,Bu Qori  ,Akasha,O55,10,FALSE,FALSE,,,,,,,,,,,,,,,,,,,,,,,,,,,,,,,,
53,Bu Merry Tanoya  ,Ayodya,O21,02,TRUE,TRUE,304,305,,Refund 5rb,"Rp15,000","Rp15,000","Rp15,000","Rp15,000",,,,,,,,,,,,,,,,,,,,,,,,
54,Pak Samuel  ,Ayodya,O29,11,TRUE,TRUE,243,244,,,"Rp15,000","Rp15,000","Rp15,000","Rp15,000",,,,,,,,,,,,,,,,,,,,,,,,
55,Pak Kevin  ,Akasha,O36,65,FALSE,FALSE,,,,,,,,,,,,,,,,,,,,,,,,,,,,,,,,
56,Pak Hafith  ,Ayodya,O29,03,TRUE,TRUE,146,147,,,"Rp15,000",,,,,,,,,,,,,,,,,,,,,,,,,,,
57,Pak Jony / Bu Eka,Amartha,O11,26,TRUE,TRUE,68,69,,,"Rp15,000",,,,,,,,,,,,,,,,,,,,,,,,,,,
58,Pak Sujilan  ,Akasha,O38,52,TRUE,FALSE,290,,,,"Rp15,000","Rp15,000","Rp15,000","Rp15,000",,,,,,,,,,,,,,,,,,,,,,,,
59,Pak Yuswanto  ,Ayodya,O18,12,FALSE,FALSE,,,,,"Rp15,000","Rp15,000","Rp15,000","Rp15,000",,,,,,,,,,,,,,,,,,,,,,,,
60,Pak Rizal Maulana  ,Ayodya,O26,52,TRUE,TRUE,50,51,,,"Rp15,000",,,,,,,,,,,,,,,,,,,,,,,,,,,
61,Pak Kevin  ,Ayodya,O26,28,FALSE,FALSE,,,,,,,,,,,,,,,,,,,,,,,,,,,,,,,,
62,Pak Agus  ,Akasha,O39,28,FALSE,FALSE,,,,,,,,,,,,,,,,,,,,,,,,,,,,,,,,
63,Bu Eri  ,Ayodya,O29,07,TRUE,TRUE,314,,,,"Rp15,000","Rp15,000",,,,,,,,,,,,,,,,,,,,,,,,,,
64,Pak Luis  ,Ayodya,O27,10,FALSE,FALSE,,,,,,,,,,,,,,,,,,,,,,,,,,,,,,,,
65,Pak Albert  ,Akasha,O55,52,FALSE,FALSE,,,,,,,,,,,,,,,,,,,,,,,,,,,,,,,,
66,Pak Budi  ,Ayodya,O26,36,FALSE,FALSE,,,,,,,,,,,,,,,,,,,,,,,,,,,,,,,,
67,Bu Erene  ,Akasha,O62,09,TRUE,TRUE,1,2,,,"Rp15,000","Rp15,000","Rp15,000","Rp15,000",,,,,,,,,,,,,,,,,,,,,,,,
68,Bu Maria / Pak Leo  ,Akasha,O63,01,FALSE,FALSE,,,,,,,,,,,,,,,,,,,,,,,,,,,,,,,,
69,Pak Agung ,Amartha,O09,20,TRUE,TRUE,70,71,,,"Rp15,000",,,,,,,,,,,,,,,,,,,,,,,,,,,
70,Pak Awal  ,Ayodya,O17,32,TRUE,TRUE,256,257,,,"Rp15,000",,,,,,,,,,,,,,,,,,,,,,,,,,,
71,Bu Maemunah  ,Akasha,O51,03,TRUE,TRUE,42,43,,,"Rp15,000","Rp15,000",,,,,,,,,,,,,,,,,,,,,,,,,,
72,Pak Widiyana Muliawan  ,Ayodya,O25,32,FALSE,FALSE,,,,,,,,,,,,,,,,,,,,,,,,,,,,,,,,
73,Bu Meliana  ,Akasha,O56,02,FALSE,FALSE,,,,,,,,,,,,,,,,,,,,,,,,,,,,,,,,
74,Pak Edi  ,Ayodya,O19,23,TRUE,TRUE,59,60,,,"Rp15,000",,,,,,,,,,,,,,,,,,,,,,,,,,,
75,Pak Sularso  ,Ayodya,O20,07,FALSE,FALSE,,,,,,,,,,,,,,,,,,,,,,,,,,,,,,,,
76,Bu Very  ,Akasha,O50,27,FALSE,FALSE,,,,,,,,,,,,,,,,,,,,,,,,,,,,,,,,
77,Bu Rika Trizaida  ,Akasha,O30,37,FALSE,FALSE,,,,,,,,,,,,,,,,,,,,,,,,,,,,,,,,
78,Bu Cici  ,Ayodya,O17,58,FALSE,FALSE,,,,,,,,,,,,,,,,,,,,,,,,,,,,,,,,
79,Pak Muhammad Reza / Ibu Marisa  ,Akasha,O33,23,TRUE,TRUE,29,30,,,"Rp15,000","Rp15,000","Rp15,000","Rp15,000",,,,,,,,,,,,,,,,,,,,,,,,
80,Pak Prast  ,Akasha,O30,01,TRUE,TRUE,106,107,,Refund 5 Kartu dan iuran nya sampai agustus 2029,"Rp15,000","Rp15,000","Rp15,000","Rp15,000","Rp15,000","Rp15,000","Rp15,000","Rp15,000","Rp15,000","Rp15,000","Rp15,000","Rp15,000","Rp15,000","Rp15,000","Rp15,000","Rp15,000","Rp15,000","Rp15,000","Rp15,000","Rp15,000","Rp15,000","Rp15,000","Rp15,000","Rp15,000","Rp15,000","Rp15,000","Rp15,000","Rp15,000"
81,Pak Rezha / Bu Yuni  ,Akasha,O51,52,TRUE,TRUE,46,47,,,"Rp15,000",,,,,,,,,,,,,,,,,,,,,,,,,,,
82,Pak Dody,Amartha,O09,16,TRUE,TRUE,268,269,,,"Rp15,000",,,,,,,,,,,,,,,,,,,,,,,,,,,
83,Priyo,Amartha,O12,36,TRUE,TRUE,258,259,,,"Rp15,000","Rp15,000","Rp15,000","Rp15,000",,,,,,,,,,,,,,,,,,,,,,,,
84,Pak Deri  Wahyu,Akasha,O31,20,TRUE,TRUE,198,199,,,"Rp15,000",,,,,,,,,,,,,,,,,,,,,,,,,,,
85,Pak Riko  ,Ayodya,O21,01,TRUE,TRUE,213,214,,,"Rp15,000",,,,,,,,,,,,,,,,,,,,,,,,,,,
86,Bu Lili / Resski  ,Akasha,O39,30,TRUE,TRUE,13,14,,,"Rp15,000","Rp15,000",,,,,,,,,,,,,,,,,,,,,,,,,,
87,Bu Siti Sholehat,Amartha,O10,28,FALSE,FALSE,,,,,,,,,,,,,,,,,,,,,,,,,,,,,,,,
88,Pak Rudi,Akasha,O58,05,TRUE,TRUE,31,32,,,"Rp15,000",,,,,,,,,,,,,,,,,,,,,,,,,,,
89,Bu Sri Suryandari  ,Ayodya,O23,21,TRUE,TRUE,66,67,,,"Rp15,000",,,,,,,,,,,,,,,,,,,,,,,,,,,
90,Pak Santo ,Akasha,O55,07,TRUE,FALSE,88,,,,"Rp15,000","Rp15,000","Rp15,000","Rp15,000",,,,,,,,,,,,,,,,,,,,,,,,
91,Bu Vivi  ,Akasha,O35,19,FALSE,FALSE,,,,,,,,,,,,,,,,,,,,,,,,,,,,,,,,
92,Pak Sigit ,Amartha,O10,32,TRUE,FALSE,79,,,,"Rp15,000","Rp15,000",,,,,,,,,,,,,,,,,,,,,,,,,,
93,Pak Andre  ,Akasha,O38,56,FALSE,FALSE,,,,,,,,,,,,,,,,,,,,,,,,,,,,,,,,
94,Pak Nanang Rahmawan  ,Ayodya,O20,25,TRUE,TRUE,308,311,,,"Rp15,000","Rp15,000","Rp15,000","Rp15,000",,,,,,,,,,,,,,,,,,,,,,,,
95,Bu Lia (Amarta,Amartha,O12,25,FALSE,FALSE,,,,,,,,,,,,,,,,,,,,,,,,,,,,,,,,
96,Pak Tedi Nurjen  ,Akasha,O35,08,TRUE,TRUE,17,18,,,"Rp15,000","Rp15,000",,,,,,,,,,,,,,,,,,,,,,,,,,
97,Pak Muh Riyan ,Amartha,O11,15,TRUE,TRUE,77,78,,,"Rp15,000","Rp15,000",,,,,,,,,,,,,,,,,,,,,,,,,,
98,Bu Tiara ,Amartha,O03,16,FALSE,FALSE,,,,,,,,,,,,,,,,,,,,,,,,,,,,,,,,
99,Pak Meyner / Bu Evelyn  ,Akasha,O57,18,TRUE,TRUE,33,34,,,"Rp15,000",,,,,,,,,,,,,,,,,,,,,,,,,,,
100,Pak Darwin ,Amartha,O07,18,TRUE,FALSE,161,,,,"Rp15,000",,,,,,,,,,,,,,,,,,,,,,,,,,,
101,Pak Charles  ,Ayodya,O20,21,TRUE,FALSE,200,,,,"Rp15,000","Rp15,000","Rp15,000","Rp15,000",,,,,,,,,,,,,,,,,,,,,,,,
102,Pak Husin ,Amartha,O09,32,TRUE,TRUE,267,270,,,"Rp15,000",,,,,,,,,,,,,,,,,,,,,,,,,,,
103,Pak Tri Atmadi  ,Akasha,O62,52,TRUE,TRUE,24,25,,,"Rp15,000",,,,,,,,,,,,,,,,,,,,,,,,,,,
104,Pak Dhimas  ,Ayodya,O19,31,TRUE,FALSE,52,,,,"Rp15,000","Rp15,000",,,,,,,,,,,,,,,,,,,,,,,,,,
105,Bu Eka,Amartha,O10,11,TRUE,TRUE,72,73,,,"Rp15,000",,,,,,,,,,,,,,,,,,,,,,,,,,,
106,Pak Rudy  ,Ayodya,O26,26,TRUE,TRUE,175,176,,,"Rp15,000",,,,,,,,,,,,,,,,,,,,,,,,,,,
107,Pak Ramdan  ,Ayodya,O19,29,TRUE,FALSE,174,,,,"Rp15,000","Rp15,000",,,,,,,,,,,,,,,,,,,,,,,,,,
108,Bu Kalimah  ,Amartha,O06,16,TRUE,FALSE,143,,,,"Rp15,000",,,,,,,,,,,,,,,,,,,,,,,,,,,
109,Pak Achmad Firdaus  ,Amartha,O07,09,FALSE,FALSE,,,,,,,,,,,,,,,,,,,,,,,,,,,,,,,,
110,Pak Ronald William  ,Ayodya,O26,10,TRUE,TRUE,222,223,,,"Rp15,000",,,,,,,,,,,,,,,,,,,,,,,,,,,
111,Pak Rizky Angriawan  ,Amartha,O05,09,TRUE,TRUE,110,111,,,"Rp15,000",,,,,,,,,,,,,,,,,,,,,,,,,,,
112,Pak Rhezaa  ,Akasha,O30,32,FALSE,FALSE,,,,,,,,,,,,,,,,,,,,,,,,,,,,,,,,
113,Bu Dwi  ,Ayodya,O28,11,TRUE,FALSE,333,,,,"Rp15,000","Rp15,000",,,,,,,,,,,,,,,,,,,,,,,,,,
114,Pak Yulius A  ,Ayodya,O23,17,FALSE,FALSE,,,,,,,,,,,,,,,,,,,,,,,,,,,,,,,,
115,Pak Muchammad Rezza  ,Akasha,O63,10,TRUE,TRUE,339,340,,,"Rp15,000","Rp15,000","Rp15,000","Rp15,000",,,,,,,,,,,,,,,,,,,,,,,,
116,Pak Slamet Widodo  ,Amartha,O03,50,TRUE,TRUE,94,95,,,"Rp15,000","Rp15,000","Rp15,000","Rp15,000",,,,,,,,,,,,,,,,,,,,,,,,
117,Pak Azam,,,,FALSE,FALSE,,,,,,,,,,,,,,,,,,,,,,,,,,,,,,,,
118,Bu Pauline  ,Akasha,O51,12,FALSE,FALSE,,,,,,,,,,,,,,,,,,,,,,,,,,,,,,,,
119,Pak Deri  ,Amartha,O06,07,TRUE,FALSE,84,,,,"Rp15,000","Rp15,000","Rp15,000",,,,,,,,,,,,,,,,,,,,,,,,,
120,Pak Rachmat  ,Amartha,O11,19,TRUE,TRUE,274,275,,,"Rp15,000","Rp15,000","Rp15,000",,,,,,,,,,,,,,,,,,,,,,,,,
121,Pak Aris  ,Amartha,O08,27,TRUE,TRUE,101,102,,,"Rp15,000",,,,,,,,,,,,,,,,,,,,,,,,,,,
122,Pak Daru / Bu Herlyn  ,Ayodya,O21,06,TRUE,TRUE,55,56,,,"Rp15,000",,,,,,,,,,,,,,,,,,,,,,,,,,,
123,Bu Riri  ,Ayodya,O28,03,FALSE,FALSE,,,,,,,,,,,,,,,,,,,,,,,,,,,,,,,,
124,Bu Melinda  ,Akasha,O38,28,TRUE,TRUE,48,49,,,"Rp15,000",,,,,,,,,,,,,,,,,,,,,,,,,,,
125,Bu Lita ,Ayodya,O27,02,TRUE,FALSE,177,,,,"Rp15,000",,,,,,,,,,,,,,,,,,,,,,,,,,,
126,Pak Johannes  ,Akasha,O31,08,FALSE,FALSE,327,,,,"Rp15,000",,,,,,,,,,,,,,,,,,,,,,,,,,,
127,Bu Tami  ,Amartha,O11,02,TRUE,FALSE,74,,,,"Rp15,000",,,,,,,,,,,,,,,,,,,,,,,,,,,
128,Bu Melinda  ,Amartha,O10,26,TRUE,TRUE,133,134,,,"Rp15,000",,,,,,,,,,,,,,,,,,,,,,,,,,,
129,Bu Iren ,Akasha,O53,02,TRUE,FALSE,219,,,,"Rp15,000","Rp15,000","Rp15,000","Rp15,000",,,,,,,,,,,,,,,,,,,,,,,,
130,Pak Wiliam ,Akasha,O51,32,TRUE,TRUE,27,28,,,"Rp15,000","Rp15,000",,,,,,,,,,,,,,,,,,,,,,,,,,
131,Pak Ardian,,O32,11,FALSE,FALSE,,,,,,,,,,,,,,,,,,,,,,,,,,,,,,,,
132,Pak Jovan  ,Akasha,O32,21,FALSE,FALSE,,,,,,,,,,,,,,,,,,,,,,,,,,,,,,,,
133,Pak Budi  ,Amartha,O06,20,TRUE,TRUE,112,113,,,"Rp15,000","Rp15,000","Rp15,000","Rp15,000",,,,,,,,,,,,,,,,,,,,,,,,
134,Pak Sofyan  ,Amartha,O15,33,FALSE,FALSE,,,,,,,,,,,,,,,,,,,,,,,,,,,,,,,,
135,Pak Putra  ,Akasha,O51,26,TRUE,TRUE,39,40,,,"Rp15,000","Rp15,000","Rp15,000","Rp15,000",,,,,,,,,,,,,,,,,,,,,,,,
136,Syafiih  ,Ayodya,O26,11,FALSE,FALSE,,,,,,,,,,,,,,,,,,,,,,,,,,,,,,,,
137,Pak Muhamad Syaiful Anwar,Amartha,O03,26,FALSE,FALSE,,,,,,,,,,,,,,,,,,,,,,,,,,,,,,,,
138,Bu Kartika  ,Ayodya,O19,12,FALSE,FALSE,,,,,,,,,,,,,,,,,,,,,,,,,,,,,,,,
139,Pak Alex  ,Amartha,O05,39,TRUE,TRUE,57,58,,,"Rp15,000","Rp15,000",,,,,,,,,,,,,,,,,,,,,,,,,,
140,Pak Ferry Ardiansyah  ,Akasha,O39,08,TRUE,TRUE,22,23,,,"Rp15,000",,,,,,,,,,,,,,,,,,,,,,,,,,,
141,Pak Maftul Fahrulrohman,Akasha,O59,33,TRUE,TRUE,235,236,,,"Rp15,000",,,,,,,,,,,,,,,,,,,,,,,,,,,
142,Pak Anjar/Bu Ria  ,Ayodya,O24,31,TRUE,TRUE,288,289,,,"Rp15,000",,,,,,,,,,,,,,,,,,,,,,,,,,,
143,Pak Kemal  ,Ayodya,O29,25,FALSE,FALSE,,,,,,,,,,,,,,,,,,,,,,,,,,,,,,,,
144,Bu Maria  ,Amartha,O09,05,FALSE,FALSE,,,,,,,,,,,,,,,,,,,,,,,,,,,,,,,,
145,Pak Tifan  ,Amartha,O09,52,TRUE,FALSE,266,,,,"Rp15,000",,,,,,,,,,,,,,,,,,,,,,,,,,,
146,Pak Liem Enpie  ,Ayodya,O25,28,TRUE,TRUE,291,292,,,"Rp15,000","Rp15,000",,,,,,,,,,,,,,,,,,,,,,,,,,
147,Pak Patrik Toto  ,Amartha,O03,10,TRUE,TRUE,123,124,,,"Rp15,000",,,,,,,,,,,,,,,,,,,,,,,,,,,
148,Bu Heni Rusmanto  ,Akasha,O08,38,FALSE,FALSE,,,,,,,,,,,,,,,,,,,,,,,,,,,,,,,,
149,Bu Endang  ,Amartha,O11,23,TRUE,TRUE,121,122,,,"Rp15,000",,,,,,,,,,,,,,,,,,,,,,,,,,,
150,Pak Ari Purnomo  ,Akasha,O38,15,TRUE,TRUE,9,10,,,"Rp15,000",,,,,,,,,,,,,,,,,,,,,,,,,,,
151,Bu Ila  ,Akasha,O62,12,FALSE,FALSE,,,,,,,,,,,,,,,,,,,,,,,,,,,,,,,,
152,Bu Tere  ,Ayodya,O25,50,TRUE,TRUE,206,207,,,"Rp15,000",,,,,,,,,,,,,,,,,,,,,,,,,,,
153,Pak Devil  ,Akasha,O51,05,TRUE,FALSE,215,,,,"Rp15,000",,,,,,,,,,,,,,,,,,,,,,,,,,,
154,Falahuddin,Ayodya,O25,19,TRUE,TRUE,284,285,,,"Rp15,000",,,,,,,,,,,,,,,,,,,,,,,,,,,
155,Ria,Akasha,O38,23,TRUE,TRUE,61,62,,,"Rp15,000","Rp15,000","Rp15,000","Rp15,000",,,,,,,,,,,,,,,,,,,,,,,,
156,Hendi,Amartha,O56,29,FALSE,FALSE,,,,,,,,,,,,,,,,,,,,,,,,,,,,,,,,
157,Endang,Amartha,O11,23,FALSE,FALSE,,,,,,,,,,,,,,,,,,,,,,,,,,,,,,,,
158,Rezza Rahmana,Ayodya,O27,12,FALSE,FALSE,,,,,,,,,,,,,,,,,,,,,,,,,,,,,,,,
159,Suci,Ayodya,O28,53,TRUE,TRUE,178,179,,Nama di penggalangan dana dengan surat pernyataan berbeda,"Rp15,000",,,,,,,,,,,,,,,,,,,,,,,,,,,
160,Dadan Ramdani,Akasha,O38,17,TRUE,FALSE,26,,,Blok rumah di penggalangan dana dengan surat pernyataan berbeda,"Rp15,000",,,,,,,,,,,,,,,,,,,,,,,,,,,
161,Ratu Tasya,Akasha,O31 ,50,TRUE,FALSE,129,,,,"Rp15,000","Rp15,000","Rp15,000","Rp15,000",,,,,,,,,,,,,,,,,,,,,,,,
162,Antika Nabila,Akasha,O32,17,TRUE,FALSE,130,,,,"Rp15,000","Rp15,000","Rp15,000","Rp15,000",,,,,,,,,,,,,,,,,,,,,,,,
163,Herdian Irwanto,Ayodya,O77,03,TRUE,TRUE,144,145,,Blok rumah di penggalangan dana dengan surat pernyataan berbeda,"Rp15,000",,,,,,,,,,,,,,,,,,,,,,,,,,,
164,Ipeh,Ayodya,O26,15,TRUE,FALSE,98,,,Nama di penggalangan dana dengan surat pernyataan berbeda,"Rp15,000",,,,,,,,,,,,,,,,,,,,,,,,,,,
165,Saputra,Akasha,O51,16,TRUE,FALSE,21,,,,"Rp15,000",,,,,,,,,,,,,,,,,,,,,,,,,,,
166,Denny Ananta,Akasha,O51,20,TRUE,TRUE,11,12,,Nama di penggalangan dana dengan surat pernyataan berbeda,"Rp15,000",,,,,,,,,,,,,,,,,,,,,,,,,,,
167,Vani,Akasha,O18,11,TRUE,FALSE,63,,,,"Rp15,000",,,,,,,,,,,,,,,,,,,,,,,,,,,
168,Rabiatul Adawiyah,Ayodya,O29,29,TRUE,TRUE,191,192,,,"Rp15,000",,,,,,,,,,,,,,,,,,,,,,,,,,,
169,Yosef Boediman,Amartha,O09,25,TRUE,TRUE,103,104,,,"Rp15,000",,,,,,,,,,,,,,,,,,,,,,,,,,,
170,Sonson Ernawan,Ayodya,O18,17,TRUE,TRUE,170,171,,,"Rp15,000",,,,,,,,,,,,,,,,,,,,,,,,,,,
171,Rachmat Nur Payan,Amartha,O11,19,FALSE,FALSE,,,,,,,,,,,,,,,,,,,,,,,,,,,,,,,,
172,Sarno,Akasha,O57,16,TRUE,TRUE,7,8,,,"Rp15,000","Rp15,000",,,,,,,,,,,,,,,,,,,,,,,,,,
173,Surya Handa,Ayodya,O16,33,TRUE,TRUE,114,115,,,"Rp15,000",,,,,,,,,,,,,,,,,,,,,,,,,,,
174,Franklin,Amartha,O08,30,TRUE,TRUE,90,91,,Blok rumah di surat pernyataan dan penggalangan dana berbeda,"Rp15,000",,,,,,,,,,,,,,,,,,,,,,,,,,,
175,M. Fachrizal,Amartha,O08,11,TRUE,TRUE,125,126,,,"Rp15,000",,,,,,,,,,,,,,,,,,,,,,,,,,,
176,Hafidz Safira,Ayodya,O27,32,TRUE,TRUE,148,149,,,"Rp15,000",,,,,,,,,,,,,,,,,,,,,,,,,,,
177,Supriandi,Ayodya,O17,58,TRUE,TRUE,163,164,,,"Rp15,000",,,,,,,,,,,,,,,,,,,,,,,,,,,
178,Priliansyah,Akasha,O50,25,TRUE,TRUE,19,20,,,"Rp15,000",,,,,,,,,,,,,,,,,,,,,,,,,,,
179,Triadmadi,Akasha,O52,62,FALSE,FALSE,,,,,,,,,,,,,,,,,,,,,,,,,,,,,,,,
180,Julian,Akasha,O50,20,TRUE,TRUE,216,217,,,"Rp15,000","Rp15,000","Rp15,000","Rp15,000",,,,,,,,,,,,,,,,,,,,,,,,
181,James Piter,Akasha,O52,02,TRUE,FALSE,37,,,,"Rp15,000",,,,,,,,,,,,,,,,,,,,,,,,,,,
182,Roni,Akasha,O35,30,TRUE,FALSE,44,,,,"Rp15,000",,,,,,,,,,,,,,,,,,,,,,,,,,,
183,Ridho,Akasha,O58,02,TRUE,FALSE,45,,,,"Rp15,000","Rp15,000",,,,,,,,,,,,,,,,,,,,,,,,,,
184,Ineswati,Akasha,O58,39,TRUE,TRUE,80,81,,,"Rp15,000",,,,,,,,,,,,,,,,,,,,,,,,,,,
185,Marlena,Akasha,O58,19,TRUE,TRUE,82,83,,,"Rp15,000",,,,,,,,,,,,,,,,,,,,,,,,,,,
186,Kasmi,Akasha,O39,06,TRUE,FALSE,85,,,,"Rp15,000","Rp15,000","Rp15,000","Rp15,000",,,,,,,,,,,,,,,,,,,,,,,,
187,Michael Dani Anto Ang,Akasha,O55,16,TRUE,FALSE,89,,,,"Rp15,000",,,,,,,,,,,,,,,,,,,,,,,,,,,
188,Lisnawati,Akasha,O58,27,TRUE,TRUE,92,93,,,"Rp15,000","Rp15,000",,,,,,,,,,,,,,,,,,,,,,,,,,
189,Wulan,Amartha,O06,19,TRUE,TRUE,96,97,,,"Rp15,000",,,,,,,,,,,,,,,,,,,,,,,,,,,
190,Mayang,Amartha,O03,20,TRUE,TRUE,99,100,,,"Rp15,000","Rp15,000",,,,,,,,,,,,,,,,,,,,,,,,,,
191,Lina,Ayodya,O25,12,TRUE,TRUE,117,118,,Refund 10rb,"Rp15,000",,,,,,,,,,,,,,,,,,,,,,,,,,,
192,Rosita Sinaga,Ayodya,O26,19,TRUE,TRUE,137,138,,,"Rp15,000",,,,,,,,,,,,,,,,,,,,,,,,,,,
193,Dina,Akasha,O30,56,TRUE,TRUE,141,142,,,"Rp15,000","Rp15,000","Rp15,000","Rp15,000",,,,,,,,,,,,,,,,,,,,,,,,
194,Gilbert P.Siagian,Ayodya ,O28,08,TRUE,FALSE,150,,,,"Rp15,000","Rp15,000",,,,,,,,,,,,,,,,,,,,,,,,,,
195,Hasan,Ayodya,O25,21,TRUE,TRUE,151,152,,,"Rp15,000",,,,,,,,,,,,,,,,,,,,,,,,,,,
196,Saepul Malik,Ayodya,O26,20,TRUE,TRUE,153,154,,,"Rp15,000",,,,,,,,,,,,,,,,,,,,,,,,,,,
197,Endang Wahyuningsih,Ayodya,O17,05,TRUE,TRUE,157,158,,,"Rp15,000",,,,,,,,,,,,,,,,,,,,,,,,,,,
198,Ratu Hafsyah Rahim,Ayodya,O18,28,TRUE,TRUE,155,156,,,"Rp15,000","Rp15,000",,,,,,,,,,,,,,,,,,,,,,,,,,
199,Renata / Ivan,Ayodya,O29,05,TRUE,FALSE,159,,,,"Rp15,000","Rp15,000",,,,,,,,,,,,,,,,,,,,,,,,,,
200,Irma Putri,Ayodya,O23,15,TRUE,FALSE,160,,,,"Rp15,000",,,,,,,,,,,,,,,,,,,,,,,,,,,
201,Christovorus,Ayodya,O27,08,TRUE,TRUE,172,173,,,"Rp15,000","Rp15,000","Rp15,000","Rp15,000","Rp15,000","Rp15,000","Rp15,000","Rp15,000","Rp15,000","Rp15,000",,,,,,,,,,,,,,,,,,
202,,Ayodya,O27,02,FALSE,FALSE,,,,,,,,,,,,,,,,,,,,,,,,,,,,,,,,
203,Dionny Juanda,Ayodya,O17,12,TRUE,TRUE,183,184,,,"Rp15,000",,,,,,,,,,,,,,,,,,,,,,,,,,,
204,Dhuwi Haryanto,Ayodya,O17,15,TRUE,TRUE,185,186,,,"Rp15,000",,,,,,,,,,,,,,,,,,,,,,,,,,,
205,Risma Tasya,Akasha,O58,38,TRUE,TRUE,189,190,,,"Rp15,000","Rp15,000","Rp15,000","Rp15,000",,,,,,,,,,,,,,,,,,,,,,,,
206,Favel,Ayodya,O28,23,TRUE,TRUE,187,188,,,"Rp15,000",,,,,,,,,,,,,,,,,,,,,,,,,,,
207,Linda,Ayodya,O16,23,TRUE,FALSE,195,,,,"Rp15,000",,,,,,,,,,,,,,,,,,,,,,,,,,,
208,Jihan Ibnu,Ayodya,O25,03,TRUE,TRUE,196,197,,,"Rp15,000",,,,,,,,,,,,,,,,,,,,,,,,,,,
209,M. Afif,Akasha,O55,33,TRUE,TRUE,202,203,,,"Rp15,000",,,,,,,,,,,,,,,,,,,,,,,,,,,
210,Ari,Akasha,O50,19,TRUE,FALSE,201,,,,"Rp15,000",,,,,,,,,,,,,,,,,,,,,,,,,,,
211,Dr Surachmayuddin,Akasha ,O05,05,TRUE,TRUE,204,205,,Cluster di penggalangan dengan surat pernyataan berbeda,"Rp15,000",,,,,,,,,,,,,,,,,,,,,,,,,,,
212,Riko Hamidi Saputra,Ayodya,O21,01,FALSE,FALSE,,,,,,,,,,,,,,,,,,,,,,,,,,,,,,,,
213,M.Erros S & Desy W ,Ayodya,O23,25,TRUE,FALSE,208,,,Nomor rumah di penggalangan dengan surat pernyataan berbeda,"Rp15,000",,,,,,,,,,,,,,,,,,,,,,,,,,,
214,Hermanto Yanto,Ayodya,018,02,TRUE,TRUE,225,226,,Refund. Perlu di cek,"Rp15,000",,,,,,,,,,,,,,,,,,,,,,,,,,,
215,Rizki Alfiansyah,Akasha,O63,12,TRUE,TRUE,227,228,,,"Rp15,000","Rp15,000",,,,,,,,,,,,,,,,,,,,,,,,,,
216,Michael Palayukan,Amartha,O08,08,TRUE,TRUE,229,230,,,"Rp15,000","Rp15,000","Rp15,000","Rp15,000",,,,,,,,,,,,,,,,,,,,,,,,
217,Muhammad Fajarudin,Ayodya,O29,51,TRUE,FALSE,232,,,,"Rp15,000",,,,,,,,,,,,,,,,,,,,,,,,,,,
218,M Hadi Yusuf,Akasha ,O52,07,TRUE,FALSE,231,,,,"Rp15,000",,,,,,,,,,,,,,,,,,,,,,,,,,,
219,Maftul Fahrulrohman,Akasha,O52,03,TRUE,FALSE,,,,,,,,,,,,,,,,,,,,,,,,,,,,,,,,
220,Hening Sasmitha,Ayodya,O21,09,TRUE,TRUE,237,238,,,"Rp15,000","Rp15,000","Rp15,000","Rp15,000",,,,,,,,,,,,,,,,,,,,,,,,
221,Dimas Agus Sugianto,Amartha,O06,23,TRUE,TRUE,239,240,,,"Rp15,000","Rp15,000","Rp15,000","Rp15,000",,,,,,,,,,,,,,,,,,,,,,,,
222,Dicky Kresnadi ,Ayodya,O27,52,TRUE,TRUE,241,242,,,"Rp15,000","Rp15,000","Rp15,000","Rp15,000",,,,,,,,,,,,,,,,,,,,,,,,
223,Angga Darmawah,Ayodya,O16,27,TRUE,TRUE,245,246,,,"Rp15,000",,,,,,,,,,,,,,,,,,,,,,,,,,,
224,Desky Setiyonsi,Ayodya,O23,28,TRUE,TRUE,247,248,,,"Rp15,000",,,,,,,,,,,,,,,,,,,,,,,,,,,
225,Darul Fikhi,Ayodya,O29,31,TRUE,TRUE,249,250,,,"Rp15,000",,,,,,,,,,,,,,,,,,,,,,,,,,,
226,Ahmad Ruzaini,Akasha ,O55,31,TRUE,FALSE,251,,,,"Rp15,000",,,,,,,,,,,,,,,,,,,,,,,,,,,
227,Achmad Bactiar,Akasha,O51,33,TRUE,FALSE,252,,,,"Rp15,000",,,,,,,,,,,,,,,,,,,,,,,,,,,
228,Nia Kurmawati,Amartha,O03,08,TRUE,FALSE,253,,,,"Rp15,000",,,,,,,,,,,,,,,,,,,,,,,,,,,
229,Ruby Rusmana,Akasha,O30,09,TRUE,FALSE,260,,,,"Rp15,000","Rp15,000",,,,,,,,,,,,,,,,,,,,,,,,,,
230,Fashya Larasati,Amartha,O06,10,TRUE,TRUE,261,262,,,"Rp15,000","Rp15,000","Rp15,000","Rp15,000",,,,,,,,,,,,,,,,,,,,,,,,
231,Rahmi,Akasha,O38,31,TRUE,FALSE,263,,,,"Rp15,000",,,,,,,,,,,,,,,,,,,,,,,,,,,
232,M Ichsan ,Ayodya,O16,37,TRUE,TRUE,271,272,,,"Rp15,000",,,,,,,,,,,,,,,,,,,,,,,,,,,
233,Bagus Sri Padma,Ayodya,O21,19,TRUE,FALSE,273,,,,"Rp15,000","Rp15,000","Rp15,000","Rp15,000",,,,,,,,,,,,,,,,,,,,,,,,
234,Maslikhatul,Ayodya,O27,12,TRUE,TRUE,276,277,,,"Rp15,000",,,,,,,,,,,,,,,,,,,,,,,,,,,
235,Dian Setiaji,Ayodya,O21,16,TRUE,TRUE,278,279,,,"Rp15,000","Rp15,000",,,,,,,,,,,,,,,,,,,,,,,,,,
236,Dian Maryana,Amartha,O06,17,TRUE,TRUE,280,281,,,"Rp15,000",,,,,,,,,,,,,,,,,,,,,,,,,,,
237,Bayu Sapmoko,Ayodya,O26,23,TRUE,TRUE,282,283,,,"Rp15,000",,,,,,,,,,,,,,,,,,,,,,,,,,,
238,Amelia,Ayodya,O25,38,TRUE,TRUE,286,287,,,"Rp15,000",,,,,,,,,,,,,,,,,,,,,,,,,,,
239,Eha Zulaiha,Ayodya,O17,11,TRUE,FALSE,293,294,,,"Rp15,000",,,,,,,,,,,,,,,,,,,,,,,,,,,
240,Lany Indrawati,Amartha,O06,09,TRUE,FALSE,295,296,,,"Rp15,000",,,,,,,,,,,,,,,,,,,,,,,,,,,
241,Feli C,Amartha,O11,07,TRUE,FALSE,298,,,,"Rp15,000","Rp15,000",,,,,,,,,,,,,,,,,,,,,,,,,,
242,M Ikhsan,Ayodya,O23,08,TRUE,FALSE,299,,,,"Rp15,000",,,,,,,,,,,,,,,,,,,,,,,,,,,
243,Achmad Firdaus,Amartha,O07,09,TRUE,FALSE,300,,,,"Rp15,000","Rp15,000","Rp15,000","Rp15,000",,,,,,,,,,,,,,,,,,,,,,,,
244,Meina,Akasha,O39,01,,,,,,,"Rp15,000",,,,,,,,,,,,,,,,,,,,,,,,,,,
245,Suharja,Ayodhya,O26,08,,,,,,,"- 15,000.00-","Rp15,000","Rp15,000","Rp15,000","Rp15,000","Rp15,000","Rp15,000","Rp15,000","Rp5,000",,,,,,,,,,,,,,,,,,,
246,Nugroho Candra,Akasha,O38,03,,,,,,,"- 15,000.00-",,,,,,,,,,,,,,,,,,,,,,,,,,,
247,Farida,Amartha,O09,28,,,,,,,"- 15,000.00-","- 15,000.00-","- 15,000.00-","- 15,000.00-","- 15,000.00-","- 15,000.00-",,,,,,,,,,,,,,,,,,,,,,
248,Kartika Wiputra,Amartha,O05,50,,,305,306,,,"- 15,000.00-","- 15,000.00-",,,,,,,,,,,,,,,,,,,,,,,,,,
249,Darsono,Amartha,O07,05,,,,,,,"- 15,000.00-","- 15,000.00-","- 15,000.00-","- 15,000.00-",,,,,,,,,,,,,,,,,,,,,,,,
250,Holik,Akasha,O50,01,,,,,,,"- 15,000.00-",,,,,,,,,,,,,,,,,,,,,,,,,,,
251,Faisal Arif,Akasha,O58,50,TRUE,TRUE,303,306,,,"- 15,000.00-",,,,,,,,,,,,,,,,,,,,,,,,,,,
252,Arry Anfal Rahmad,Akasha,O58,50,TRUE,,307,,,,,,,,,,,,,,,,,,,,,,,,,,,,,,,
253,Wawan Setiawan,Akasha,O32,03,TRUE,TRUE,315,316,,,"- 15,000.00-",,,,,,,,,,,,,,,,,,,,,,,,,,,
254,Rio,Akasha,O60,05,TRUE,TRUE,317,318,,,"- 15,000.00-",,,,,,,,,,,,,,,,,,,,,,,,,,,
255,Khafid,Akasha,O51,15,TRUE,FALSE,372,,,,"- 15,000.00-",,,,,,,,,,,,,,,,,,,,,,,,,,,
256,Haerudin,Ayodya,O28,09,TRUE,FALSE,370,,,,"- 15,000.00-",,,,,,,,,,,,,,,,,,,,,,,,,,,
257,Zenobia Fitri Haryati,Ayodya,O25,36,TRUE,FALSE,319,,,,"- 15,000.00-",,,,,,,,,,,,,,,,,,,,,,,,,,,
258,Sudarsono,Amartha,O07,05,TRUE,TRUE,321,322,,,"- 15,000.00-","- 15,000.00-","- 15,000.00-","- 15,000.00-",,,,,,,,,,,,,,,,,,,,,,,,
259,Dede,Akasha,O55,56,TRUE,TRUE,323,324,,,"- 15,000.00-","- 15,000.00-",,,,,,,,,,,,,,,,,,,,,,,,,,
260,M.Antoni,Akasha,O59,23,TRUE,TRUE,373,374,,,"- 15,000.00-",,,,,,,,,,,,,,,,,,,,,,,,,,,
261,Surya ,Amartha,O05,50,FALSE,FALSE,,,,,"Rp15,000","Rp15,000","Rp15,000","Rp15,000","Rp15,000","Rp15,000","Rp15,000","Rp15,000","Rp15,000","Rp15,000","Rp15,000","Rp15,000",,,,,,,,,,,,,,,,
262,Nia,Akasha,O62,58,FALSE,FALSE,,,,,"Rp15,000","Rp15,000",,,,,,,,,,,,,,,,,,,,,,,,,,
263,Antarressa ,Amartha,O09,33,TRUE,TRUE,,,,,"Rp15,000","Rp15,000","Rp15,000","Rp15,000",,,,,,,,,,,,,,,,,,,,,,,,
264,Hasan Basory,Ayodya,O21,21,TRUE,,,,,,"Rp15,000",,,,,,,,,,,,,,,,,,,,,,,,,,,
265,Maryanto,Akasha,O57,02,,,,,,,"Rp15,000","Rp15,000","Rp15,000","Rp15,000",,,,,,,,,,,,,,,,,,,,,,,,
266,Edi Endang / bu Kasmi,Akasha,O39,15,TRUE,FALSE,335,,,,"Rp15,000","Rp15,000","Rp15,000","Rp15,000",,,,,,,,,,,,,,,,,,,,,,,,
267,Iwan,Akasha,O31 ,60,TRUE,TRUE,331,332,,,"Rp15,000",,,,,,,,,,,,,,,,,,,,,,,,,,,
268,Feca,Ayodya,O16,17,TRUE,,329,,,Tidak tercatat di surat pernyataan nominal pembayaran. ,,,,,,,,,,,,,,,,,,,,,,,,,,,,